9,P40,6.045
12,0015,3.561
49,ST4,1.424
68,OG,27.561
52,P07,3.599
64,P22A,0.831
80,02,1.183
92,04-11,0.853
33,0701,12.565
33,0201,7.510
34,506,2.362
39,ANTI,1.302
16,MHD3,1.674
34,504,0.678
37,4S,2.169
68,CB,0.898
92,20-15,1.928
13,01-04,4.053
58,HM,2.415
92,01-07A,0.163
100,01 BUR,200.878
96,03,12.404
25,19,11.112
26,G3A-1,1.929
44,BE56,0.857
59,MAR 4,2.520
80,14A,1.728
98,PRST,3.519
11,65.1,2.014
20,MURN,22.540
32,14,1.219
51,PR29A,5.275
76,LB,2.634
77,02,26.903
11,53.1,2.531
45,NW,1.976
60,073,0.440
60,080,1.201
61,07,32.830
63,EUR-WP,1.601
15,SM,9.761
32,28,4.011
41,G36,0.801
55,ST36,3.021
64,P18A,2.074
97,121,8.214
98,PRWJ,1.426
26,G10C,3.961
36,35,1.743
57,MARS H,1.339
62,T2,2.193
45,NB,5.656
55,LW18,9.906
68,EA1,0.677
92,16-01,3.806
11,63.1,NaN
23,LATT,5.836
26,G2E-1,1.501
34,013,1.960
12,0003,3.059
60,211,3.585
92,14-01,7.188
10,22,3.772
41,G13,0.894
59,CCREEK,0.427
85,09,1.943
42,ENF 2,4.057
49,BA,7.029
4,MM,1.208
7,WASHP,3.615
9,P60,0.889
33,1204,1.050
93,014,1.014
100,05 GRE,7.357
33,1202,1.920
36,23,1.132
60,213,1.818
63,PHB1,79.523
95,18,14.859
4,ANS,26.844
34,015,1.461
41,G08,0.835
91,EH1,1.973
42,RR7-9,47.734
92,15-02,21.721
92,17-06,1.406
32,03,0.553
34,014,2.212
76,SW,17.128
80,21,52.244
96,13,1.862
13,04-09,3.628
53,A2,2.776
74,0200B,1.128
100,06 JAC,11.865
92,01-10,0.721
92,18-06,1.270
11,05.1,1.274
32,43,2.439
41,G62,0.723
78,16,0.880
18,22,2.875
32,07,0.640
36,14,0.943
60,011,0.678
44,BE-4,1.017
44,HA,0.656
60,229,3.123
70,MH,7.083
2,T2T3,2.505
9,P15,135.842
18,09,1.382
41,G14,0.385
92,07-10,2.083
96,08,11.745
97,126,10.628
16,NPT1,1.528
51,PR22,1.423
82,TURK,20.593
41,G72,0.939
92,01-14,0.659
26,G2A,1.340
55,TA37,2.788
60,135,2.439
86,17,3.927
99,BNVL,1.717
36,01,0.890
59,NEBO,106.988
97,115A,4.606
98,PRWP,1.197
24,P22A,4.027
32,37,1.947
78,12,1.807
86,31,1.603
65,CF01,6.728
98,PRTO,4.930
77,01,15.465
77,06,38.128
78,05A,1.868
80,01,3.402
17,LOCU,204.584
34,052,1.173
34,705,2.180
60,113,1.345
1,08S,8.839
28,BUX,1.449
34,133,2.742
74,1507,1.377
92,20-04,1.040
7,TCRK,40.910
12,0053,8.915
13,04-13,1.468
41,G68,1.246
21,6,3.466
90,029C,1.456
7,GILEA,1.616
71,CL05,220.061
74,1510A,1.084
92,04-18,1.721
80,17,1.179
83,06-89,6.046
11,14.2,2.062
36,27,11.521
56,08,9.904
79,DR,2.737
86,29,2.894
86,18,1.515
92,19-14,1.008
12,0018,1.956
19,15,NaN
32,55-49,0.703
60,138,2.540
92,20-06B,1.062
25,N6,2.467
29,18,16.249
37,3,5.083
78,01,8.165
23,S C,3.017
26,G9A,0.986
32,27,1.588
60,046,0.676
92,08-07,16.016
1,06W,0.589
31,BEUL,1.079
34,132,1.355
41,G31,0.609
12,0029-A,12.834
26,CC06,1.145
41,JEF1,1.967
86,01,5.566
60,232,1.149
62,LIT,17.942
64,P02A,1.198
77,09,4.048
11,70.1,4.803
13,02-06,1.973
41,G20,1.617
41,RC1,3.471
92,19-19,2.988
98,PRTA,2.994
16,ABCH,1.593
26,CC26,0.975
36,08,0.921
80,29,4.994
60,151,3.461
68,CO,1.797
80,42,0.591
84,0016,3.803
36,24,2.159
39,OKHL,22.143
41,G74,0.640
44,P,8.695
13,02-02,1.108
73,RCTL,1.881
91,WH,19.726
24,P14,7.683
86,11,11.583
95,12,1.225
74,1503,1.113
90,026,8.565
93,007,222.303
98,PRWK,477.108
8,M1,11.981
26,CU02,0.693
29,60,2.129
32,32,5.081
36,33,2.109
97,123,2.161
36,13,5.979
53,B2,1.714
63,PHA2,6.612
31,LOCK,NaN
32,09,1.556
48,OCK,0.666
95,03,1.428
1,12S,0.804
1,07,152.901
16,ISPK,2.464
57,GRAPEV,6.919
74,1403A2,1.627
24,P18,12.286
34,063,1.574
55,LI14,1.555
69,1GB,2.555
68,RF,0.862
97,122,120.409
12,0038,2.296
20,HANG,265.544
26,CC31,0.665
34,401,1.435
26,G4B,0.879
50,CUL,2.386
93,013,0.494
92,19-07,1.927
83,03,3.130
92,13-11,0.973
26,G9B-2,3.791
34,904,1.216
74,1102B,5.637
77,16,34.215
45,HV-1,1.667
11,67.1,1.315
34,055,11.314
41,G19,0.765
41,G28,394.863
34,807,0.973
60,140,1.672
71,LT18,470.860
74,0800A,2.882
81,04A,9.023
29,46,12.396
34,702,0.606
36,29,29.107
41,G25,0.562
86,30,3.064
41,G46,0.685
92,12-07,5.419
60,079,1.377
9,P501,1.520
51,PR33,11.623
51,PR31B,28.422
60,027,1.399
41,G69,0.808
41,SF4,1.415
57,EBBS C,9.670
60,051,0.804
20,UNKA,0.100
29,30,1.155
31,WALL,8.252
36,44,10.495
60,124,0.954
92,01-44,1.274
32,29,2.671
47,65,1.290
49,SH-B,7.620
60,072,0.864
5,14,6.537
10,06,3.302
10,20,5.925
28,KTHK,1.857
6,13,250.952
71,GR06,2.287
78,11,1.548
87,BC1,1.333
60,016,0.685
60,076,1.150
69,4HB,4.819
85,04,2.724
34,011,2.058
69,2SW,1.929
89,15,NaN
9,P65,5.399
25,03,48.521
36,40,1.607
60,096,1.573
42,HOL,2.538
65,FP06,104.140
68,ENO,9.783
92,01-28,1.198
5,18,NaN
6,07,NaN
32,54,2.920
41,G21,1.630
33,1205,0.501
45,HS,3.063
10,16,6.513
65,W31,2.040
79,NB,58.385
29,12,0.745
60,050,0.844
11,54.2,2.168
11,60.4,12.026
55,IS23,1.793
68,WDS,0.000
84,0010,1.628
86,24,2.534
18,02,13.646
32,34-1,1.027
41,H21,0.657
60,033,1.019
41,SCLAY,3.006
84,0023,3.197
97,125,7.032
59,FORT 2,3.513
92,01-25,0.459
19,78,216.807
29,56,6.604
34,031,1.104
49,DV2-A,1.442
41,H14,0.710
78,15,1.496
92,04-03,16.497
32,31,2.287
41,G41B,1.083
60,150,3.031
80,11,6.537
63,PBF,1.081
66,LASKER,2.572
1,103,3.040
41,G40A2,0.908
43,PR29,1.371
92,01-30,0.607
60,225,1.038
92,01-37,0.858
11,18.2,1.502
41,G32,0.827
41,JEF4,5.064
51,PR19,1.358
64,P04A,48.253
65,W08,219.151
74,1512B,0.787
98,PRWR,0.861
13,12-11,1.120
41,NCLAY2,8.960
60,217,1.530
60,231,3.057
59,MAR 2,1.314
60,094,1.153
65,W26,0.948
85,13,4.077
11,17.1,0.687
11,26.1,0.718
51,PR27B,1.537
54,PH2,1.146
29,52,8.104
31,WOLF,5.681
92,04-08,0.636
92,17-05,1.230
31,CALY,4.746
86,12,1.058
95,04,10.859
60,205,3.946
77,08,18.883
6,06,1.219
32,23,1.741
39,WOEL,3.600
49,DV1-B,4.326
32,39,1.453
69,1RB,4.289
40,SHIN,10.715
60,059,0.586
78,04,5.866
25,21,1.426
26,G5C,0.853
33,0301,24.301
39,TYHO,8.386
39,SOOX,0.930
92,07-07A,228.981
32,45,3.896
55,LS12,1.141
78,30,7.871
92,20-09,1.441
92,01-51,0.773
41,FR1,1.933
41,G59,0.533
50,QUA,6.285
64,P08A,2.115
73,MTTZ,5.085
34,051,1.898
41,G18,0.862
44,WS-2,1.224
72,BETHEL,26.920
68,H,0.742
82,HARR,7.942
41,G22,1.069
41,NCLAY1,5.623
60,015,1.222
60,149,2.952
49,FT,2.811
58,W2,1.478
67,SF18,2.480
71,UU17,4.777
26,CC03,1.616
26,MR02,0.938
29,10,4.463
34,605,1.666
87,ALARKA,7.559
92,08-08,2.542
74,1505B,1.189
11,24.1,2.393
18,13,0.922
60,056,0.882
70,WEST,1.716
5,04,2.751
6,09,NaN
36,21,1.802
49,CD,6.363
11,16.2,0.929
12,0029-B,18.973
18,33,101.539
11,19.1,2.510
11,25.1,0.946
12,0012,271.019
78,29,0.543
94,SC,4.741
23,WACO,7.069
25,02,320.272
65,H11,282.466
73,WDSD,NaN
100,07 BRU,61.286
28,WAN,0.828
34,503,0.760
55,BC13,1.958
92,04-14,0.985
3,04,4.177
11,23.2,2.505
1,063,1.276
41,G56,0.512
82,CLCE,1.189
92,08-05,2.397
7,WASH2,12.989
60,212,3.487
60,065,0.908
62,ROC,8.533
7,PANTE,0.297
20,MURS,5.467
32,18,1.027
60,023,0.640
91,SCRK,249.143
1,10S1,47.672
12,0036,2.160
41,G66,0.969
60,062,0.752
33,1101,1.660
71,NB02,2.625
74,1510B,1.083
75,SA04,1.610
90,031,1.904
19,6,3.077
39,SALM,6.838
60,121,1.841
66,JARE,69.820
97,105,2.726
5,02,1.306
34,903,0.909
50,CAS,5.043
60,127,2.797
14,PR24,2.566
35,19,2.226
44,CE,14.245
92,19-11,1.874
92,19-18,0.960
97,127,1.780
53,A1,3.927
66,SEABOA,15.370
85,1618,1.918
86,25,9.753
92,02-01,3.434
95,10,2.669
36,15,2.826
41,H10,0.859
68,DM,0.641
92,01-48,1.020
23,S 4A,1.877
60,242,2.049
84,0017,1.542
92,06-06,1.389
97,102,3.293
18,11,0.805
26,G7A,2.247
51,PR23A,229.812
60,077,1.019
92,13-02,0.919
10,13,3.689
29,74,2.053
44,WS-1,1.428
51,PR28,1.532
92,12-04,3.288
92,17-02,1.028
92,17-10,0.950
19,30,13.169
24,P13,2.409
60,207,2.411
67,MT24,25.444
78,32A,1.253
84,0003,1.168
92,07-11,0.918
41,G70,0.618
41,MON3,4.405
53,B1,4.976
67,HN14,15.085
72,BELVID,4.739
11,49.1,3.568
23,FALSTN,7.491
51,PR27A,1.633
60,049,1.041
60,013,0.762
76,AE,1.498
85,12,10.272
92,01-29,1.237
34,305,1.253
49,CC4,3.704
51,PR10B,5.446
55,OB21,10.164
92,19-12,2.271
34,906,0.989
16,BFT2,7.194
44,SA,1.616
84,0027,2.118
92,09-01,6.230
26,G11B,3.516
92,11-02,1.355
42,RR1-2,0.567
85,10,2.363
92,01-40,1.363
92,19-05,1.886
91,SH1,10.415
36,05,1.253
45,HC,4.001
81,28,1.751
90,023,4.876
20,BELL,223.444
60,089,1.599
60,221,21.811
90,042,1.336
99,DCRK,3.401
6,05,1.842
41,H19B,0.957
53,C2,2.773
60,063,0.891
59,M.COVE,15.541
82,GIDD,5.712
90,037A,2.509
63,DHR,42.176
95,11,11.954
11,03.1,98.901
26,CC27,1.563
53,D2,3.306
60,019,0.983
41,H05,1.328
41,MON2A,2.007
54,C,0.876
60,118,1.560
12,0065,13.800
29,58,5.763
34,053,1.443
41,G54,0.643
60,119,1.352
41,H18,0.758
44,CL-N,1.017
82,KFRK,9.764
92,02-03,8.199
98,PRWL,477.201
58,HS,6.580
10,17,6.750
31,CHAR,7.979
35,07,3.699
84,0026,31.325
41,SUM2,1.460
45,NE,1.557
14,PR02,257.798
14,PR25,2.815
18,19,6.658
34,203,1.063
29,82,11.245
96,17,2.446
96,18,1.269
21,5,NaN
34,123,1.523
67,NR02,1.043
80,38,1.210
92,04-16,1.275
92,17-04,3.146
92,19-03,1.409
34,068,4.429
36,07,0.619
56,04,358.763
68,EF,2.714
6,01,0.642
55,AS25,0.885
90,019,4.454
92,08-06,1.118
41,G02,0.759
61,08,51.668
62,ELD,10.022
94,SK,13.666
25,20,13.186
63,BEN,9.267
26,CC13,0.981
41,G01,0.466
63,LTR,23.220
79,HU,23.537
33,0401,12.833
51,PR29B,10.425
60,120,0.659
74,1101,1.642
7,EDWAR,1.175
16,PELE,1.323
28,FRCO,5.536
29,44,17.781
26,CC12,0.612
51,PR24,1.299
60,017,0.877
13,01-11,2.394
29,76,1.277
87,BC2,1.017
92,01-17,0.700
83,02-25,2.596
12,0001,1.740
51,PR35,1.672
60,071,0.982
60,097,0.354
41,G51,0.714
98,PRWC,0.534
67,FS16,13.928
92,16-09,2.833
26,G5A-2,2.192
41,STOK,2.586
56,10,2.061
60,136,2.409
34,306,0.948
60,226,1.234
95,05,0.597
42,RRCE,1.048
43,PR20,11.109
82,ROSE,1.397
92,04-02,0.878
95,13,1.547
29,68,0.939
42,BUTWD,4.150
58,R2,2.611
60,006,0.892
92,20-01,2.779
98,PRWI,1.639
92,07-13,1.329
18,16,0.825
41,G41A,1.019
44,IH,2.773
60,204.1,38.647
11,22.2,1.695
12,0052,16.368
35,10,12.486
60,101,1.678
90,028D,1.054
11,10.1,0.630
41,G63,0.742
72,PARKVI,31.821
80,23,76.840
92,01-19,0.672
92,04-01,0.600
43,PR26,2.027
55,WP32,1.902
1,03N,1.997
13,02-08,1.474
16,BOGU,1.801
26,G5A-1,298.843
74,0701,14.921
98,PRWB,0.760
25,DFB9,0.576
34,901,2.470
36,28,4.936
39,BTNR,1.763
20,TOPT,49.431
29,78,9.081
60,238.1,1.188
84,0212,1.811
76,AR,2.204
30,14,313.103
34,907,1.037
36,30,2.393
45,BC,6.944
60,018,0.556
79,WS,9.359
98,PRWD,216.217
22,SWEE,2.269
34,804,0.721
45,EV,1.789
64,P09A,0.919
14,PR29,4.599
19,PIT113,2.722
29,32,1.098
92,19-21,3.214
41,JEF2,2.914
60,021,0.593
84,0007,1.382
7,PSJW3,1.598
24,P03,24.793
24,P11,5.236
33,0601,7.552
41,CG3B,1.873
60,067,1.137
22,HIAW,88.188
31,ALBE,3.896
44,BE-2,2.380
44,FC-1,NaN
26,CC18,1.108
78,23,1.356
64,P11A,33.056
67,HM05,3.099
70,NORTH,1.330
71,MT19,457.251
5,09,8.215
31,KENA,34.457
59,FORT 1,2.812
63,PHB2,2.203
6,12,2.301
11,43.2,2.885
92,05-01,1.197
92,18-02,9.294
12,0031,1.090
44,WW,1.670
96,2530,5.538
99,NFAL,58.338
41,H29B,2.640
51,PR31A,16.812
60,144,1.167
66,SEVERN,0.917
10,05,4.970
12,0048,1.547
14,PR18,33.835
34,082,5.655
41,PG2,2.862
11,06.1,1.127
32,50,1.150
64,P24A,12.607
92,06-05,2.105
68,CF1,0.937
92,15-01,24.348
2,E,7.926
9,P75,8.741
29,50,16.067
57,HOT SP,0.868
92,06-04,1.297
19,ESC114,107.661
25,16,6.065
36,11,0.712
41,G61,0.691
46,CM,1.342
60,122,1.044
41,G40A1,0.719
49,UG,4.244
60,074,1.236
60,223.1,2.312
18,26,1.606
44,BE-7,1.456
63,CAM,9.173
93,004,316.788
65,M04,3.104
75,CG05,29.257
77,04,17.276
92,20-03,1.691
85,20,120.357
32,51,1.270
46,M1,1.191
54,K8,0.657
64,P21A,1.347
92,04-12,2.208
92,16-05,5.783
6,02,0.968
55,BS26,3.704
60,058,0.705
74,0501,35.162
55,PC22,3.358
93,009,125.375
8,RX,1.919
29,62,0.781
32,22,1.269
35,16,0.769
1,03C,1.565
34,405,0.556
45,CV,0.114
1,03N2,1.753
17,STON,20.199
74,0401,4.106
82,NGRV,4.648
60,054,1.005
71,CT03,NaN
6,14,0.541
41,G39,1.881
45,SB,111.800
54,SW,3.157
52,P04,2.088
80,13,14.026
92,01-15,0.884
92,18-07,13.989
45,MG,2.200
60,222,1.415
74,1507B,116.248
74,1301,16.920
11,42.1,2.116
24,P04,1.807
32,01,0.832
45,LJ,3.015
41,G16,0.858
45,HV-3,0.976
67,JA01,4.474
72,NICANO,72.266
60,110,1.483
92,19-15,1.655
96,10,1.118
10,07,2.706
18,37,1.468
20,MARB,2.396
24,P10,8.793
92,18-03,1.418
99,NBCK,1.672
25,11,4.435
34,054,1.175
41,G26,1.228
60,024,0.852
44,PC,2.656
76,GR,7.571
80,44,6.907
9,P70,39.752
53,E1,1.548
68,CS1,7.765
6,08,1.410
41,G05,0.704
63,VSS,2.982
92,12-08,1.168
56,14,265.603
74,1504B,1.581
12,0019,124.597
32,20,0.776
32,30-2,1.759
34,131,3.259
92,12-09,2.093
42,LIT,2.508
60,008,0.710
78,37,9.121
92,05-07,1.714
92,07-04,1.395
8,C1,1.794
14,PR08,92.243
24,P24,9.764
78,39,NaN
97,128,3.110
26,G3C,3.265
41,G73,0.602
81,10A,18.115
83,07,4.007
34,205,0.482
49,CC2,2.902
92,17-11,1.479
91,NV,17.868
1,12N,1.135
56,02,21.169
60,020,0.793
60,202,1.684
11,14.3,0.944
23,POLKVL,9.815
65,H01,5.476
76,NM,6.110
69,4MSIC,3.536
74,1403B,1.555
92,04-15,0.709
13,03-00,52.167
34,905,1.139
41,SF1,2.498
45,ED,13.224
23,KM N,3.444
32,05,1.222
68,ES,0.821
13,02-01,2.118
41,H28,1.177
70,PRO,11.147
92,08-10,1.356
19,24,3.072
60,130,0.704
65,CF06,5.650
65,H08,7.836
41,OR1,3.832
43,PR24,4.290
58,BG,11.058
4,GULL,13.125
10,08,0.933
11,66.1,5.231
23,KM S,2.338
45,LP,2.742
68,HE,95.842
90,025,3.314
32,36,1.334
33,1401,9.389
46,ML,5.982
60,210,3.626
60,230,5.990
78,33,2.634
37,4N,4.365
41,H08,0.632
48,FF,4.277
60,098,0.989
41,H09,0.856
55,LN11,0.854
65,FP03,1.209
92,01-04,0.504
54,MH,1.529
55,HC33,4.927
60,236,14.846
65,WB,1.117
12,0040,1.272
24,P12,NaN
25,CFB8,3.537
41,G04,0.647
90,016,2.079
92,07-12,1.137
46,A3,0.776
60,206,1.831
92,02-04,2.010
86,16,2.545
18,35,9.002
34,032,2.883
36,12,1.929
65,W12,0.590
18,04,1.425
27,MY,2.184
44,CL-S,0.885
88,WC,290.601
90,006,1.625
99,NKNB,76.841
12,0020,5.297
41,MON2B,2.504
49,CS,20.760
82,CLEA,4.237
93,002,169.881
19,85,1.844
26,AL51,14.715
78,20,2.796
86,22,8.038
26,CL57-1,0.944
26,G10A,5.165
84,0025,2.497
34,091,2.553
62,CHE,15.485
9,P201,2.389
13,11-01,11.523
34,206,1.208
96,06,419.317
60,116,2.013
68,PA,7.649
99,SLIB,8.992
26,CC25,1.363
29,34,1.574
34,092,2.335
39,BERE,131.648
82,CLWE,1.782
82,LAKE,12.394
92,01-42,1.474
92,12-02,1.073
13,02-05,5.064
18,31,4.208
41,G71,0.674
42,WEL 3,3.586
56,01,440.069
74,1512A,7.537
13,04-01,2.040
22,TUSQ,6.391
34,701,1.093
60,240,2.031
83,05-10,4.501
92,01-36,1.535
45,AR,154.568
60,139.1,1.633
63,PDN,2.067
82,CLSW,2.386
4,POLK,1.139
46,A1,0.756
70,SAL,10.237
80,04,16.509
67,BM08,1.612
78,18A,0.664
86,15,2.587
2,S1S2,3.315
16,OTBEG,383.377
27,PP,2.032
34,507,1.834
60,052,0.717
67,WN04,1.686
92,01-32,1.293
20,ANNW,371.230
23,CASAR,3.029
91,SH2,72.229
92,18-01,1.202
13,12-09,1.523
92,01-31,1.449
92,16-11,3.935
9,P35,8.514
26,G6B,31.324
26,G3B,0.748
42,FAUCT,3.308
45,NM,2.533
60,095,1.654
65,H04,1.735
92,01-34,0.497
92,19-16,2.233
41,SMAD,4.157
60,048,0.926
60,104,1.134
92,01-09,0.706
35,14,8.057
36,25,7.645
44,BE-1,1.974
51,PR09,2.291
13,02-07,1.197
16,DASW,3.425
26,G6C,21.517
34,207,1.968
93,005,3.097
96,02,11.137
51,PR25,1.177
60,133,1.856
63,RBN,1.045
66,GALATI,9.746
27,CB,1.051
32,16,0.820
65,H06,9.315
78,19,143.554
65,M02,1.450
33,0103,1.170
41,CG2,1.700
57,SANDY,0.753
97,104,1.939
24,P19,1.566
34,033,1.135
34,604,1.203
47,02,0.076
90,004,1.148
11,07.1,0.586
60,083,2.572
65,H12,8.002
71,SC13,10.162
41,H20B,0.915
49,ST2,1.083
1,12E,1.276
11,51.2,7.444
51,PR14,5.673
65,FP07,9.872
36,02,1.564
79,MA,1.395
11,62.1,3.422
14,PR17,1.896
60,091,3.186
92,04-10,1.128
58,W1,1.391
61,09,69.766
92,01-38,0.714
7,CHOCO,1.995
22,HAYC,0.548
41,H06,1.599
41,H17,1.291
30,09,1.410
39,WILT,18.567
42,HPR,5.042
68,RE,1.101
26,CC16,0.892
99,EBND,1.505
60,112,2.912
1,02,6.834
34,201,1.432
41,JEF3,2.312
46,UN,1.710
28,NGHD,3.186
32,08,0.647
60,106,1.587
92,07-06,1.157
11,12.1,0.619
41,FEN1,1.513
50,WEB,1.452
55,DN29,1.842
16,NPT2,2.572
17,YANC,2.199
41,G75,0.721
92,04-19,0.884
41,G30,1.279
43,PR25,2.259
47,03,8.753
92,02-06,2.155
17,PH,5.295
22,HAY2,31.223
34,908,1.170
40,HOOK,0.689
55,SL24,2.001
92,01-01,0.712
100,08 CRA,59.105
18,38,1.341
60,068,1.319
76,AW,1.401
42,RR3-4,0.901
60,036,0.954
92,04-06,0.730
90,003,0.818
56,09,6.008
79,HO,142.791
85,11,1.402
89,3,NaN
41,G45,1.176
41,G53,0.789
45,HV-2,1.894
51,PR08,22.985
79,MS,2.013
6,17,NaN
34,601,0.769
60,209,4.547
68,WD,1.485
74,1511A,1.192
12,0013,43.448
58,GN,16.974
60,145,4.260
64,P13A,1.458
43,PR08,1.728
60,022,1.234
60,109,0.908
11,21.1,1.108
16,WILD,2.084
20,CSON,261.792
32,40,0.950
68,CP,2.870
92,08-04,15.586
92,16-02,2.193
63,WKWD,2.198
92,07-09,0.808
78,11A,1.352
41,FR5A,1.593
60,043,0.983
60,203,15.726
60,237,1.423
12,0035,0.954
74,0301,11.664
63,NSP,1.022
63,SSP,1.843
92,20-17,1.127
97,124,149.626
9,P25,1.260
38,WEST,1.276
42,SN,0.862
51,PR30,4.269
100,09 SOU,13.590
41,FR3,1.044
68,WH,0.972
11,11.1,0.545
26,G2C-1,1.179
26,G8D,1.147
30,06,337.603
41,H22,0.698
92,06-09,3.452
1,125,1.078
1,126,0.865
11,23.3,1.439
34,075,1.217
92,03-00,2.125
92,08-11,0.997
92,20-08,1.768
5,17,1.308
7,AUROR,1.654
65,H05,1.655
65,W17,0.837
34,043,2.678
34,301,0.545
45,RG,11.112
92,07-05,1.537
60,088,0.999
64,P17A,2.217
92,13-06,1.309
16,NRIV,15.538
41,NDRI,2.905
49,DV1-A,4.861
51,PR07,1.894
78,02,7.439
82,INGO,21.664
90,005,2.217
13,12-14,1.081
54,I,6.476
85,15,2.202
13,10-00,3.343
25,N4,1.487
32,48,245.698
39,CRDL,2.512
41,G58,0.696
60,035,0.867
11,52.1,12.997
18,15,0.408
29,80A,12.876
36,20,1.653
36,17,1.139
60,100,1.068
11,68.1,7.177
41,G50,0.942
79,ED-1,162.153
84,0015,1.740
96,23,4.687
9,P80,2.359
10,14,3.282
11,39.3,17.585
56,12,225.261
76,TR,4.253
77,07,82.578
4,PEAC,1.908
31,HALL,3.905
45,GR,1.276
60,037,0.850
11,20.1,1.311
13,06-00,12.907
96,07,4.191
26,EO61-2,4.004
60,002,1.007
77,12,1.258
86,09,2.301
1,035,1.860
62,OPH,99.420
68,TH,0.834
92,16-06,264.403
60,107.1,1.920
95,14,3.640
18,20,4.446
78,40,14.103
92,01-13,0.613
11,31.1,1.973
60,075,1.448
92,08-03,2.480
80,40,0.938
82,PLVW,7.828
92,09-03,2.062
34,083,3.222
45,FR,2.065
47,06B,12.601
49,BE,6.294
43,PR01,14.331
51,PR04,5.933
60,064,0.649
81,19,11.152
2,W,13.303
34,606,0.657
43,PR28,30.719
81,09A,22.100
63,PHC,2.002
80,24,10.184
11,33.2,1.859
14,PR30,21.495
19,45,13.463
40,MAUR,20.445
36,45,6.902
60,009,0.744
60,208,148.158
92,20-12,2.497
21,1,1.001
41,CG3A,1.372
49,EM,6.582
54,SH,5.549
41,H24,1.267
42,RR 10,0.964
13,12-12,7.515
23,S 5,154.696
80,31,11.841
19,42,11.401
67,HU20,3.377
76,AN,2.134
99,FBSH,7.212
10,11,3.727
23,BETHWR,7.896
80,03,13.568
92,01-23,1.586
26,G4C,1.322
32,21,0.783
64,P07A,6.786
95,08,179.992
26,G4A,0.752
26,CC33,1.327
30,04,1.619
60,215,1.383
92,01-20,0.923
65,FP04,6.453
83,01-16,2.019
85,17,3.020
96,01,1.284
1,127,1.120
13,11-02,3.238
17,PELH,94.220
60,105,1.068
60,137,1.754
92,10-01,4.807
27,WH,3.480
92,06-08,1.111
10,21,3.083
16,MERR,183.290
19,MCH110,21.151
25,17,7.318
24,P23,2.986
26,G1A,1.328
60,060,0.770
84,0028,2.236
92,01-21,1.655
11,64.1,1.566
33,0501,6.456
74,1403A1,1.866
79,SE,7.999
68,CH,0.632
68,NC,2.654
90,043,0.648
29,42,4.942
34,074,1.582
54,T1,1.768
63,EWD,10.863
42,WEL1-2,2.088
52,P06,10.914
53,E2,2.934
26,CC14,1.373
29,84,8.276
41,G60,1.718
41,H29A,0.823
92,07-01,0.764
10,10A,NaN
31,CHIN,2.167
34,805,87.247
68,GL,1.295
60,053,1.487
68,EH,1.597
73,OLHI,8.034
92,15-03,14.201
60,146,2.576
71,SB02,1.487
90,029A,3.471
60,005,0.944
92,01-07,0.795
32,55-11,0.796
40,ARBA,1.635
41,G55,1.031
41,SDRI,4.559
11,69.1,14.218
18,06,2.016
26,G10B,0.950
28,MATO,6.746
85,02,24.078
3,03A,4.162
13,12-08,0.963
41,G15,0.687
78,35,9.097
11,39.2,2.236
100,11 PRI,8.891
1,03S,2.997
26,CC15,1.157
41,FR5B,1.837
41,NCGR1,2.013
74,1102A,13.347
76,TT,7.000
88,RE,1.782
94,P2,1.214
1,128,1.116
14,PR16,25.877
34,111,4.435
60,044,1.496
73,CUCL,12.655
92,01-35,1.252
99,NLIB,1.616
4,LILE,3.762
41,G67,1.185
43,PR31,1.240
65,W13,197.709
31,ROCK,9.795
60,004,0.999
60,093,0.920
61,05,NaN
7,PINET,6.100
18,27,21.120
12,0022,1.519
36,37,1.270
64,P06A,13.826
24,P08,6.677
36,09,1.264
51,PR38,11.765
26,CC04,0.736
26,CC08,0.530
32,17,0.675
60,007,0.904
5,16,28.754
6,15,0.492
10,10B,NaN
18,14,0.973
60,117,1.241
67,NE22B,3.670
92,19-17,1.349
26,AH49,1.245
92,08-09,0.949
34,065,1.586
35,01,1.029
41,PG1,1.521
51,PR13,12.819
29,72,1.985
32,12,0.384
32,44,3.407
32,46,2.211
58,R1,1.797
88,B1,0.985
92,01-16,1.117
92,20-06A,1.755
86,04,1.493
36,03,0.903
57,BEECH,3.619
59,PLEASA,4.227
60,216,2.559
42,CONC,4.123
14,PR32,113.154
41,SUM3,4.447
60,061,1.684
92,01-50,1.770
99,SKNB,9.308
16,MHD1,1.242
24,P25B,9.656
36,19,2.745
41,FR2,0.000
42,HAL,5.627
92,04-04,0.573
11,48.1,3.050
62,STA,1.325
36,42,6.494
41,G09,0.849
96,29,0.961
5,20,1.709
11,02.1,0.884
60,141,2.494
18,10,0.752
36,43,4.436
78,08,151.692
41,MON1,140.410
49,ST3,1.357
60,220,19.869
92,01-18,1.185
7,NCRK,76.480
41,G06,1.179
79,EC,1.961
2,T1T4T5,4.966
14,PR34,27.034
21,3,14.283
55,IS20,2.700
1,064,5.432
6,19,NaN
96,09,3.307
65,H13,2.107
68,TO,9.231
71,LU16,2.283
82,MING,15.437
18,41,4.496
32,19,2.183
41,FR4,1.110
60,129,2.191
44,BE-3,1.774
45,BK,1.825
67,EN03,2.280
81,16A,7.575
86,27,4.547
16,BCRK,4.498
18,40,1.433
32,38,3.451
45,FL,1.778
54,K6,0.936
70,NIX,5.099
92,14-02,4.039
96,11,2.047
41,NMAD,3.686
41,SUM4,11.101
71,LC09,25.936
100,02 CAN,53.005
60,026,1.689
60,134,3.509
69,4VM A,0.469
82,ROWA,203.590
11,58.1,1.266
32,33,5.028
42,RR 11,1.223
55,LB34,4.052
96,14,4.550
98,PRWM,1.966
92,19-20,1.223
95,15,2.198
18,07,2.389
33,1301,9.580
41,H23,1.557
81,14,6.499
31,CYCK,225.507
92,06-10,1.413
2,M,5.450
47,13,8.564
62,BIS,1.121
97,106,2.347
10,03,197.443
13,01-02,15.247
42,ENF1,1.645
65,W25,4.854
64,P14A,4.395
97,117,1.616
11,60.2,4.649
26,CL57-2,1.328
46,M2,5.547
60,025,0.989
41,H15,1.490
54,K4,1.497
72,WEST H,1.638
75,CL08,212.091
92,12-05,2.575
7,BEADM,16.811
22,SHCR,0.132
26,G3A-2,6.894
64,P12A,NaN
90,029B,0.609
8,W2,57.306
44,BC,NaN
54,K9,1.605
60,227,3.680
76,TB,14.505
92,17-09,1.118
11,33.3,0.812
32,25,2.900
35,03,1.074
56,13,2.340
57,WALNUT,4.896
65,H03,1.614
88,BD,1.581
32,10,0.886
41,JAM1,1.054
44,EF,14.948
46,CO,1.930
32,15,0.450
34,801,1.018
60,114,0.976
65,M06,9.084
5,13,8.055
7,WDPD,73.809
8,WD,0.982
29,70,63.983
90,001,0.904
34,708,1.883
49,TB,2.498
66,GAPL,6.072
67,CR07,5.971
10,12,5.042
12,0014,1.826
24,P06,1.900
31,FAIS,2.219
92,17-07,2.967
34,012,4.626
60,214,1.788
80,34,1.300
92,16-03,0.922
53,D1,1.859
91,NH1,1.398
41,H27-A,1.221
60,087,1.067
97,118,1.536
34,707,0.898
78,36,5.272
92,16-07,1.447
98,PRSA,2.088
49,NH,47.681
92,18-04,8.568
20,PCHT,36.277
24,P09,1.989
34,112,6.714
47,05,9.095
90,010,0.734
30,13,299.361
32,24,1.101
38,EAST,1.281
41,H27-B,1.666
3,01,13.155
63,SLS,2.551
73,FLRI,3.502
97,119,3.110
83,04,3.759
1,03W,1.423
5,06,3.138
12,0021,1.109
54,T2,7.351
11,38.2,4.049
96,16,10.226
7,HB,12.228
11,61.1,5.955
64,P15A,26.821
80,09,5.968
92,02-05,12.673
81,13,13.420
86,23,3.928
92,04-07,1.620
92,01-11,1.322
13,05-00,67.344
26,CC17,1.529
45,AT,3.649
62,CAN,1.485
8,C2,6.869
80,16,1.340
80,10,3.629
98,PRWA,9.897
11,71.1,6.011
18,01,12.421
45,ES,2.137
48,SLAD,79.789
60,131,1.524
64,P19A,1.957
92,13-05,0.795
97,109,11.333
10,09,6.461
31,WARS,1.555
51,PR32,124.946
60,038,0.885
10,04A,4.060
92,05-06,1.308
92,09-02,1.829
95,09,11.357
17,MILT,6.497
34,505,1.063
79,LI,109.001
84,0018,1.958
44,WC,0.726
86,32,1.636
92,04-05,2.349
74,0800B,0.994
18,12,0.903
35,08,18.002
36,34,6.278
60,057,0.923
1,104,1.383
13,12-03,1.532
97,114,2.617
95,06,0.661
1,06E,5.820
60,200,9.245
71,CS04,2.058
91,KITT,118.260
60,228,1.914
80,32,2.660
11,15.1,0.732
19,20,6.171
41,G35,0.782
43,PR07,22.686
60,055,0.834
60,099,0.760
82,SBRG,1.272
1,10N,1.919
26,SL78-3,6.168
34,502,0.753
34,808,0.855
65,W24,1.062
76,SE,11.099
77,13,5.919
14,PR14,6.201
26,G7B,1.670
41,OR2,3.511
60,032,1.367
41,G33,1.144
41,H25,1.407
60,028,0.851
60,103,2.452
68,GB,2.498
18,24,85.688
29,20,8.721
34,302,1.845
60,108,189.329
4,WADES,2.081
60,014,0.940
92,04-20,0.998
92,16-10,1.449
63,TLT,1.025
79,IR,4.626
90,038B,1.029
18,25,1.234
23,GROVER,9.855
60,224,6.826
62,UWH,13.324
60,243,4.017
73,ROX4,2.520
1,129,2.108
14,PR07,42.401
28,CHCA,4.754
33,0101,0.982
73,ALVI,8.933
92,07-02,0.738
27,KI,1.727
39,CRDM,1.541
41,H02,0.937
69,3BY,1.623
23,MULLS,6.230
56,15,283.747
92,17-01,1.362
96,05,3.482
84,0022,1.441
1,01,6.114
20,ANSW,0.601
34,067,4.746
47,62,0.805
97,111,5.737
6,18,3.259
7,OLDF,104.489
78,10,3.540
84,0008,0.849
32,35.3,1.568
78,26A,1.353
95,01,2.476
11,50.1,1.999
27,IR,3.824
34,602,1.501
90,040,4.208
26,G9B-1,3.823
41,G24,0.942
49,CH-A,3.938
60,039,0.981
7,WASH4,1.652
18,34,7.028
26,MB62,1.020
35,02,1.454
26,G2E-2,1.318
65,W27,1.078
74,0200A,1.607
92,01-45,0.952
60,081,1.310
80,28,0.967
8,W1,6.375
12,0024,1.421
41,G40B,1.465
41,G49,1.620
26,CC07,0.687
41,G42B,0.509
85,0506,2.398
1,09N,298.619
34,501,1.007
49,CC1,2.426
89,1,NaN
13,08-00,11.233
78,24,7.789
20,RGER,83.722
34,073,1.973
88,CM,3.472
92,01-02,0.711
59,WEST M,1.766
76,RM,2.433
24,P15,6.609
34,072,1.510
41,G07,0.842
59,T.COVE,10.397
92,06-07,6.432
1,08N,87.481
11,34.1,0.523
36,22,3.762
73,SWST,6.239
98,PRBL,2.919
29,24,2.312
32,34-2,1.076
34,603,0.939
70,EAST,2.563
71,UT14,58.773
27,CI,0.010
36,06,1.015
60,241,4.210
65,H02,1.999
67,CL10,9.986
96,22,1.142
22,BRAS,1.987
30,07,8.592
34,909,0.740
36,32,1.232
74,1508B,0.472
75,WO06,17.535
80,41,1.258
1,1210,0.704
24,P01A,2.348
41,G47,0.925
70,SOUTH,3.851
24,P05,NaN
92,10-03,2.904
46,HV,10.750
26,EO61-1,4.512
36,10,0.924
41,G57,1.612
1,11,18.961
60,078.1,1.133
62,MTG,1.388
61,03,NaN
66,COMIPE,2.045
89,2,14.834
11,35.1,0.874
26,G5B-2,1.584
30,08,1.785
55,DW28,4.151
64,P10A,10.178
82,KEEN,11.787
12,0062,15.204
13,04-03,0.860
58,J,0.762
60,219,12.718
8,M2,0.600
18,39,1.422
45,RR,2.737
54,K5,0.663
49,DV2-B,1.267
1,06N,0.874
11,08.2,1.359
33,0901,0.631
37,1,6.817
20,GCRK,0.000
41,G10,1.722
41,H01,0.889
92,01-05,0.601
21,4,24.107
47,12,91.027
92,01-41,0.717
68,UNC,1.078
67,NE22A,5.867
96,28,29.692
41,H11,0.902
48,SQ,213.592
60,102,0.994
60,111,1.474
63,PHA1,1.355
72,EAST H,2.230
13,02-03,1.872
41,G29,1.950
41,G52,0.716
60,123,1.459
1,12W,0.834
16,MASM,2.229
34,802,1.355
60,047,2.367
58,PP,NaN
78,17,0.906
81,11,1.242
16,MHD2,1.604
34,122,2.812
39,SASS,4.271
41,G23,0.488
36,39,2.819
36,18,1.333
80,15,83.654
92,20-11,4.709
94,P1,1.138
13,01-07,2.273
41,SUM1,3.636
63,CAR,2.960
92,01-27,0.846
60,086,1.415
92,18-08,1.149
1,06S,2.047
19,18,24.989
27,PB,8.592
60,042,0.609
95,02,18.341
14,PR21,39.563
18,17,1.480
63,WND,6.180
86,28,7.694
54,FC,5.000
56,03,63.604
60,234,6.107
84,0019,6.163
1,05,5.823
12,0064,1.079
31,ROSE,1.093
41,G42A,0.839
26,G5B-1,1.332
41,G11,0.577
73,PNTH,2.729
85,07,8.114
92,04-09,0.883
26,G1B,4.897
29,38,1.187
41,H16,0.648
60,201,16.115
92,19-09,2.485
36,36,1.984
38,TAPO,6.748
41,G48,1.076
92,01-33,0.864
32,06,0.980
32,42,0.618
60,001,0.759
97,101,5.543
13,02-09,6.954
90,030,3.791
41,H07,0.636
62,PEE,10.909
68,HF,16.500
92,07-07,0.817
45,GM,4.542
56,11,513.752
60,041,1.084
60,233,1.084
16,BFT1,1.118
20,BRAS,5.365
34,061,1.299
41,JAM3,1.896
65,W30,2.099
82,CLNE,1.294
92,16-04,1.078
29,40,2.033
55,CF19,13.218
68,WW1,1.701
71,PL10,2.914
26,SH77,15.548
40,WALS,2.321
60,235,6.076
78,13,0.987
34,403,0.888
41,H04,1.314
93,010,0.979
11,32.1,4.336
24,P07,1.546
30,11,6.119
32,52,1.968
6,11,1.675
34,703,0.429
62,T1,2.075
82,HERR,13.277
90,033,1.358
92,07-03,1.097
23,LAWNDL,1.782
61,01,0.908
68,NS,0.727
80,26,5.681
34,081,3.301
81,30,2.827
87,ALMOND,6.946
84,0014,4.728
88,DR,6.085
1,124,0.745
12,0070,1.867
32,02,0.945
32,30-1,2.277
65,M07,3.302
75,CL07,114.527
80,22,56.502
49,ST5,1.079
51,PR36,1.390
60,084,1.128
74,0901,2.329
84,0011,1.512
9,P10,6.669
10,23,3.047
36,31,5.589
54,V,4.332
60,003,0.891
63,EKWD,44.578
92,20-10,1.295
23,RIPPY,7.656
33,0102,1.279
51,PR23B,7.886
55,DV08,5.111
92,13-08,1.155
96,15,31.425
25,N2,1.289
32,47,0.889
45,PR,6.759
65,W18,1.070
4,BURN,128.788
68,CG,36.523
74,1513A,2.446
23,SHANGI,2.641
41,G38,1.050
43,PR32,6.646
64,P20A,1.494
74,0101,7.244
5,08,NaN
11,41.1,120.363
26,CC32,1.672
60,040,0.746
60,010,0.747
75,TR123,1.972
92,05-08,3.958
92,13-07,1.293
32,41,76.425
37,5,5.405
60,045,0.940
8,IW,5.770
37,2,2.002
97,120,2.348
79,LK-2,5.759
34,101,2.206
41,JAM2,1.647
42,RINGW,0.327
54,K1,0.776
97,108,1.437
98,PRWN,1.155
23,KINGST,9.307
41,SF2,2.135
51,PR10A,1.066
60,090,1.644
77,10,2.689
36,46,8.080
44,JC,9.693
60,148,2.164
74,1508A,0.691
98,PRWQ,0.578
1,04,7.541
41,H19A,0.571
41,SWASH,3.627
60,125,0.572
41,H03,1.264
54,K2,0.792
86,05,47.923
92,01-39,0.682
11,47.1,3.426
34,704,1.020
57,REVERE,NaN
60,069,1.796
11,04.1,0.494
35,06,2.127
45,SM,3.063
49,CC3,2.111
68,DA,0.820
84,0024,2.124
5,03,3.224
12,0034,1.433
34,709,3.218
50,SAV,NaN
45,SE,1.478
97,103,2.818
5,10,4.126
14,PR35,0.082
41,FEN2,4.049
41,JAM5,23.615
11,59.1,2.256
18,28,4.972
25,TE13,3.231
86,13,1.391
7,SURBA,32.352
16,ASCI,4.405
59,MAR 1,4.305
34,706,0.916
36,41,1.511
77,14,27.387
80,33,4.990
18,08,1.586
41,G03,0.767
2,B1,60.024
41,GIB,1.184
88,B2,0.864
76,PR,20.276
30,05,29.341
41,G44,0.680
62,WAD,8.452
71,UH08,5.180
89,16,NaN
92,04-17,1.279
10,18,3.754
34,064,0.705
60,034,1.067
50,CFK,3.826
58,CR,1.977
60,029,0.916
63,EAB,2.254
11,55.1,6.938
26,G8A,1.988
33,0104,1.160
41,G43,0.802
68,LC,1.109
80,05A,1.194
82,AUTR,1.593
25,N1,1.551
51,PR37,1.659
60,147,1.647
96,12,1.287
46,WN,2.209
27,CJ,3.281
28,STPT,1.087
41,SF3,1.826
44,FC-2,NaN
76,AS,1.746
34,021,3.820
41,G37,0.948
44,CR,6.398
60,066,1.109
71,SH12,468.701
91,MIDD,278.558
92,01-49,0.927
19,9,4.236
24,P02B,3.516
41,H13,0.641
68,CX,5.267
11,30.2,NaN
14,PR31,39.995
98,PRSP,4.111
18,29,3.575
34,042,3.014
45,EF,2.073
96,1920,1.062
18,32,1.078
41,RC2,4.198
76,UG,39.288
92,04-13,1.